Geohash,Latitude,Longitude
dqcrj7p34,39.2159,-76.7514
dqcrj6vkw,39.2151,-76.754
dqcrn66vg,39.2126,-76.7136
dqcj6kmv0,38.9158,-77.237
dqcj6qd0g,38.9275,-77.242
dqcjhw4rv,38.882,-77.1427
dqcj6t2dt,38.9209,-77.233
dqcj6sjsg,38.9144,-77.2262
dqcj6tjtz,38.9201,-77.226
dqcj6eync,38.9134,-77.2256
dqcj7c16k,38.8975,-77.177
dqcj6kmy9,38.9161,-77.2369
dqcjhr0fe,38.8866,-77.1558
dqcjqcubw,38.9013,-77.0403
dqcjjxhgc,38.8868,-77.0955
dqcj6kmez,38.9156,-77.237
dqcm2qd5q,38.9279,-76.9782
dqcm2qd4u,38.9278,-76.9783
dqcj6kmgb,38.9156,-77.237
dqcjhnzzs,38.886,-77.1571
dqcj847w4,38.949,-77.3388
dqcjhwzgz,38.8854,-77.135
dqcjhx0yj,38.8872,-77.1447
dqcjhppdp,38.8865,-77.1573
dqcjr9hfk,38.8975,-77.0074
dqcj7mjcy,38.9194,-77.1928
dqcjq9pbh,38.8971,-77.0473
dqcjjqrpx,38.8833,-77.1031
dqcj6kmxp,38.9162,-77.237
dqc5c7c2e,38.6486,-77.287
dqcm2njux,38.9254,-76.984
dqcj6mvsj,38.9239,-77.2371
dqcjhw43w,38.8809,-77.1426
dqcjqg6mf,38.9105,-77.0439
dqcm8y13u,38.9688,-76.9573
dqcj6v1nr,38.9202,-77.2212
dqcj7e8vb,38.9118,-77.1889
dqcm8vcx8,38.9684,-76.9571
dqcjr1c8g,38.9014,-77.0339
dqcj6kmy6,38.916,-77.2369
dqcj6smn9,38.9161,-77.227
dqcm2qd5f,38.928,-76.9783
dqcj6t25f,38.9211,-77.2338
dqcjq9ttn,38.9007,-77.0503
dqcm2qd5r,38.9279,-76.9781
dqcjr6q7e,38.9046,-77.0164
dqcjjxjh0,38.8868,-77.0952
dqcj7c1bb,38.8972,-77.1765
dqcj6kmu3,38.9157,-77.2369
dqcj844xe,38.9478,-77.3402
